<?xml version='1.0' encoding='utf-8' standalone='yes' ?>
<MIUI_Theme_Values>
    <integer name="quick_settings_qqs_count">5</integer>
    <integer name="quick_settings_num_rows">3</integer>
    <integer name="quick_settings_num_columns">4</integer>
    <integer name="quick_settings_qqs_count">5</integer>
    <integer name="quick_settings_num_rows">4</integer>
    <integer name="quick_settings_qqs_count">5</integer>
    <integer name="quick_settings_num_rows">5</integer>

<string name="kilobyte_per_second">K's</string>
<string name="megabyte_per_second">M's</string>
<dimen name="statusbar_carrier_size">8sp</dimen>
</MIUI_Theme_Values>
