<?xml version="1.0" encoding="utf-8"?>
<com.android.systemui.qs.QuickStatusBarHeader android:layout_gravity="@integer/notification_panel_layout_gravity" android:id="@id/header" android:background="@android:color/transparent" android:clickable="false" android:clipChildren="false" android:clipToPadding="false" android:layout_width="fill_parent" android:layout_height="@dimen/notch_expanded_header_height" android:baselineAligned="false" android:elevation="4.0dip"
  xmlns:android="http://schemas.android.com/apk/res/android">
    <com.android.systemui.statusbar.HeaderView android:gravity="bottom" android:layout_gravity="start|bottom|center" android:id="@id/header_content" android:focusable="true" android:focusableInTouchMode="true" android:layout_width="fill_parent" android:layout_height="fill_parent" android:layout_marginBottom="@dimen/expanded_notification_header_bottom" android:alpha="@dimen/qs_status_bar_header_alpha" android:layout_marginStart="@dimen/expanded_notification_header_start">
        <com.android.systemui.statusbar.policy.Clock android:textAppearance="@style/TextAppearance.StatusBar.Expanded.Weather" android:gravity="center_vertical" android:id="@id/date_time" android:layout_width="wrap_content" android:layout_height="wrap_content" android:layout_above="@id/carrier_layout" android:layout_alignTop="@id/system_icon_area" android:layout_alignParentBottom="true" android:layout_marginStart="@dimen/expanded_notification_weather_temperature_right" />
        <LinearLayout android:id="@id/carrier_layout" android:layout_width="wrap_content" android:layout_height="wrap_content" android:layout_alignParentBottom="true" android:layout_marginStart="@dimen/expanded_notification_weather_temperature_right">
            <com.android.keyguard.CarrierText android:textAppearance="@style/TextAppearance.StatusBar.Expanded.Weather" android:ellipsize="marquee" android:gravity="center_vertical" android:layout_gravity="center_vertical" android:id="@id/carrier" android:visibility="gone" android:layout_width="wrap_content" android:layout_height="wrap_content" android:maxEms="9" android:singleLine="true" android:marqueeRepeatLimit="1" />
        </LinearLayout>
        <LinearLayout android:id="@id/carrier_land_layout" android:layout_width="wrap_content" android:layout_height="wrap_content" android:layout_alignTop="@id/system_icon_area" android:layout_alignParentBottom="true" android:layout_marginStart="@dimen/notch_expanded_header_carrier_margin" android:layout_toEndOf="@id/date_time">
            <com.android.keyguard.CarrierText android:textAppearance="@style/TextAppearance.StatusBar.Expanded.Weather" android:ellipsize="marquee" android:gravity="center_vertical" android:layout_gravity="center_vertical" android:id="@id/carrier_land" android:visibility="gone" android:layout_width="wrap_content" android:layout_height="wrap_content" android:maxEms="9" android:singleLine="true" android:marqueeRepeatLimit="1" />
        </LinearLayout>
        <com.android.keyguard.AlphaOptimizedLinearLayout android:gravity="end" android:orientation="horizontal" android:id="@id/system_icon_area" android:focusable="true" android:focusableInTouchMode="true" android:layout_width="wrap_content" android:layout_height="wrap_content" android:layout_alignParentBottom="true" android:layout_toEndOf="@id/date_time" android:layout_alignParentEnd="true">
            <com.android.systemui.statusbar.WeatherViewBig
                android:textAppearance="@style/TextAppearance.StatusBar.Expanded.Weather"
                android:layout_gravity="center_vertical"
                android:layout_width="wrap_content"
                android:layout_height="wrap_content" />
			<include layout="@layout/system_icons" />
        </com.android.keyguard.AlphaOptimizedLinearLayout>
        <com.android.systemui.statusbar.policy.Clock android:textAppearance="@style/TextAppearance.StatusBar.Expanded.Clock.Notch" android:id="@id/big_time" android:layout_width="wrap_content" android:layout_height="wrap_content" android:layout_above="@id/date_time" android:layout_alignParentStart="true" />
        <LinearLayout android:orientation="horizontal" android:focusable="true" android:focusableInTouchMode="true" android:layout_width="wrap_content" android:layout_height="wrap_content" android:layout_above="@id/system_icon_area" android:layout_alignParentEnd="true">
        </LinearLayout>
	    <com.android.systemui.statusbar.WeatherView
                android:textAppearance="@style/TextAppearance.StatusBar.Expanded.Weather"
                android:layout_gravity="center_vertical"
                android:layout_width="wrap_content"
                android:layout_height="wrap_content" />
		<ImageView android:id="@id/notification_shade_shortcut" android:layout_width="wrap_content" android:layout_height="wrap_content" android:layout_marginBottom="@dimen/notch_settings_button_margin" android:layout_marginStart="@dimen/notch_settings_button_margin" />
  
    </com.android.systemui.statusbar.HeaderView>
</com.android.systemui.qs.QuickStatusBarHeader>