<?xml version="1.0" encoding="utf-8"?>
<merge android:layout_width="fill_parent" android:layout_height="fill_parent"
  xmlns:android="http://schemas.android.com/apk/res/android">
    <FrameLayout android:layout_width="wrap_content" android:layout_height="fill_parent">
        <FrameLayout android:layout_gravity="start|center" android:id="@id/clock_container" android:layout_width="wrap_content" android:layout_height="fill_parent">
            <LinearLayout android:gravity="start|center" android:layout_gravity="start|center" android:id="@id/leftside" android:layout_width="fill_parent" android:layout_height="fill_parent">
                <include layout="@layout/miui_status_bar_prompt" />
                <include layout="@layout/status_bar_contents_clock" />
                <LinearLayout android:gravity="start|center" android:orientation="horizontal" android:id="@id/drip_leftear_super_container" android:layout_width="fill_parent" android:layout_height="fill_parent" xmlns:app="http://schemas.android.com/apk/res-auto">
                    <com.android.systemui.statusbar.NetworkSpeedSplitter android:textAppearance="@style/TextAppearance.StatusBar.Carrier" android:gravity="end|center" android:id="@id/network_speed_splitter" android:visibility="gone" android:layout_width="wrap_content" android:layout_height="fill_parent" android:singleLine="true" android:layout_marginStart="-9.0px" />
                    <com.android.systemui.statusbar.NetworkSpeedView android:textAppearance="@style/TextAppearance.StatusBar.Carrier" android:gravity="end|center" android:id="@id/drip_network_speed_view" android:visibility="gone" android:layout_width="wrap_content" android:layout_height="fill_parent" android:singleLine="true" />
                    <com.android.systemui.miui.widget.ClipEdgeLinearLayout android:gravity="start|center" android:orientation="horizontal" android:id="@id/notch_leftear_icons" android:layout_width="wrap_content" android:layout_height="fill_parent" app:clipEdge="true" app:clipEnd="true" />
                    <com.android.systemui.statusbar.AlphaOptimizedFrameLayout android:orientation="horizontal" android:id="@id/notification_icon_area" android:layout_width="fill_parent" android:layout_height="fill_parent" />
                </LinearLayout>
            </LinearLayout>
        </FrameLayout>
    </FrameLayout>
    <android.widget.Space android:layout_width="0.0dip" android:layout_height="fill_parent" android:layout_weight="1.0" />
    <com.android.keyguard.AlphaOptimizedLinearLayout android:gravity="end" android:orientation="horizontal" android:id="@id/system_icon_area" android:layout_width="wrap_content" android:layout_height="fill_parent">
        <com.android.systemui.miui.widget.ClipEdgeLinearLayout android:gravity="end|center" android:orientation="horizontal" android:layout_width="wrap_content" android:layout_height="fill_parent" app:clipEdge="true" xmlns:app="http://schemas.android.com/apk/res-auto">
            <com.android.systemui.statusbar.AnimatedImageView android:id="@id/drip_wifi_ap_on" android:visibility="gone" android:layout_width="wrap_content" android:layout_height="fill_parent" android:src="@drawable/stat_sys_wifi_ap_on" />
            <com.android.systemui.statusbar.AnimatedImageView android:id="@id/drip_slave_wifi" android:visibility="gone" android:layout_width="wrap_content" android:layout_height="fill_parent" />
            <include layout="@layout/system_icons" />
        </com.android.systemui.miui.widget.ClipEdgeLinearLayout>
    </com.android.keyguard.AlphaOptimizedLinearLayout>
</merge>